id,fr_ok,ar_ok,fr_note,ar_note
"N360066","OK","OK","",""
"N357009","OK","OK","",""
"N359426","OK","OK","",""
"N357738","OK","Fix","","for a mat better use السجاد or بساط اليوغا (Bisaat al-yoga)
"
"N362388","OK","Fix",""," for queen size use the word big in arabic and for twin size use double in arabic"
"N361194","OK","OK","",""
"N359212","","OK","",""
"N360915","OK","OK","",""
"N363514","OK","OK","",""
"N362726","","OK","",""
"N356970","OK","OK","",""
"N359899","","OK","",""
"N361816","OK","","",""
"N363820","OK","OK","",""
"N357767","OK","Fix","","لحاف (Luhaf): The standard formal Arabic word for a duvet or quilt."
"N357323","OK","OK","",""
"N359133","","OK","",""
"N359976","OK","","",""
"N356909","","OK","",""
"N359731","OK","OK","",""
"N362921","OK","","",""
"N360190","OK","Fix","","En arabe, l'utilisation de l'article défini « Al- » (الـ - Alif wa Lam) devant les noms de pays suit des règles grammaticales et historiques précises. Contrairement au français où presque tous les pays ont un article (la France, le Japon), l'arabe sépare les pays en trois catégories distinctes."
"N359019","OK","OK","",""
"N359367","OK","OK","",""
"N359071","OK","OK","",""
"N359480","OK","OK","",""
"N357819","OK","OK","",""
"N359744","OK","OK","",""
"N358951","OK","OK","",""
"N361285","OK","OK","",""
"N359819","OK","Fix","","jute in arabic is الخيش
"
"N362099","OK","OK","",""
"N348144","OK","OK","",""
"N352666","OK","OK","",""
"N361144","OK","OK","",""
"N363468","OK","OK","",""
"N357253","OK","OK","",""
"N359659","OK","OK","",""
"N359763","OK","OK","",""
"N346242","OK","OK","",""
"N362900","OK","OK","",""
"N362083","OK","OK","",""
"N362170","Fix","Fix","In French, Thanksgiving is officially translated as l'Action de grâce (or le Jour de l'Action de grâce), though the English word Thanksgiving is also commonly used in conversation.","because there is adiffernce between necktie and bow tie رَبْطَة العُنُق على شَكْلِ فَراشَةٍ "
"N355239","OK","OK","",""
"N357693","OK","OK","",""
"N361312","OK","OK","",""
"N360766","OK","OK","",""
"N358980","OK","OK","",""
"N358306","OK","OK","",""
"N357365","OK","OK","",""
"N363538","OK","OK","",""
"N361397","OK","OK","",""
"N357930","OK","OK","",""
"N357694","OK","OK","",""
"N363447","OK","OK","",""
"N363968","OK","OK","",""
"N359366","OK","OK","",""
"N360050","OK","OK","",""
"N358410","OK","OK","",""
"N363923","OK","OK","",""
"N362518","OK","OK","",""
"N357243","OK","OK","",""
"N358788","OK","OK","",""
"N361016","OK","OK","",""
"N357802","OK","OK","",""
"N358771","OK","OK","",""
"N357752","OK","OK","",""
"N358796","OK","OK","",""
"N359114","OK","OK","",""
"N361402","OK","OK","",""
"N361188","","OK","",""
"N359919","OK","OK","",""
"N359849","OK","OK","",""
"N359403","OK","OK","",""
"N359569","OK","OK","",""
"N348143","OK","OK","",""
"N359290","OK","OK","",""
"N362258","OK","OK","",""
"N359859","OK","OK","",""
"N355896","OK","OK","",""
"N361767","OK","OK","",""
"N355895","OK","OK","",""
"N359518","OK","OK","",""
"N359300","OK","OK","",""
"N358167","OK","OK","",""
"N363274","OK","OK","",""
"N362222","OK","OK","",""
"N361403","OK","OK","",""
"N360559","OK","OK","",""
"N360371","OK","OK","",""
"N353509","OK","OK","",""
"N358493","OK","OK","",""
"N362917","OK","OK","",""
"N362040","OK","","",""
"N363550","OK","OK","",""
"N361799","OK","OK","",""
"N361648","OK","OK","",""
"N362220","OK","OK","",""
"N358121","OK","OK","",""
"N361503","OK","OK","",""