rulingNumber,rulingDate,true_code
N348642,2026-04-13T00:00:00,5208212090
N351060,2026-06-09T00:00:00,6110909030
N353775,2026-06-02T00:00:00,6802990090
N354811,2026-05-05T00:00:00,6802930010
N355043,2026-05-12T00:00:00,6802930010
N355231,2026-07-15T00:00:00,6802990090
N355233,2026-07-01T00:00:00,6802930090
N355647,2026-07-07T00:00:00,7020006000
N355896,2026-07-09T00:00:00,6802930090
N355897,2026-07-15T00:00:00,6802990090
N356212,2026-06-18T00:00:00,3808931500
N357245,2026-07-14T00:00:00,9617001000
N358843,2026-06-16T00:00:00,6106202010
N359387,2026-04-01T00:00:00,3004909216
N359388,2026-04-01T00:00:00,3004505020
N359390,2026-04-01T00:00:00,3004909276
N359616,2026-04-07T00:00:00,7326908688
N359673,2026-04-08T00:00:00,1602506000
N359740,2026-04-02T00:00:00,7615103025
N359742,2026-04-02T00:00:00,8211922000
N359753,2026-04-07T00:00:00,9406900130
N359763,2026-04-06T00:00:00,8525893000
N359777,2026-04-09T00:00:00,2106909998
N359783,2026-04-13T00:00:00,8716805090
N359788,2026-04-02T00:00:00,8509805095
N359791,2026-04-03T00:00:00,4420908000
N359815,2026-04-13T00:00:00,8306290000
N359846,2026-04-03T00:00:00,3105100000
N359849,2026-04-13T00:00:00,3105100000
N359853,2026-04-14T00:00:00,3824993990
N359855,2026-04-13T00:00:00,3105100000
N359872,2026-04-01T00:00:00,8421390190
N359899,2026-04-16T00:00:00,3305900000
N359907,2026-04-06T00:00:00,8505192000
N359944,2026-04-13T00:00:00,7318290000
N359958,2026-04-17T00:00:00,3926909989
N359977,2026-04-10T00:00:00,8517620090
N360023,2026-04-16T00:00:00,6217109510
N360050,2026-04-21T00:00:00,6306229030
N360081,2026-04-14T00:00:00,8471410150
N360082,2026-04-14T00:00:00,8471410150
N360085,2026-04-20T00:00:00,8483905080
N360146,2026-04-24T00:00:00,7610100030
N360179,2026-04-06T00:00:00,9008501000
N360190,2026-04-23T00:00:00,3923210030
N360191,2026-04-23T00:00:00,3923210030
N360217,2026-04-28T00:00:00,3004909263
N360242,2026-04-24T00:00:00,8483905080
N360271,2026-04-09T00:00:00,9403896015
N360321,2026-04-23T00:00:00,8708947550
N360406,2026-04-29T00:00:00,8481809045
N360440,2026-04-28T00:00:00,8708998180
N360455,2026-04-29T00:00:00,8708998180
N360465,2026-04-16T00:00:00,4016935050
N360468,2026-05-01T00:00:00,9506696020
N360491,2026-05-06T00:00:00,3004390055
N360559,2026-04-23T00:00:00,8421210000
N360570,2026-04-13T00:00:00,8703230190
N360598,2026-05-04T00:00:00,9018194000
N360629,2026-04-29T00:00:00,6404119050
N360692,2026-05-11T00:00:00,3213900000
N360739,2026-05-14T00:00:00,2106909995
N360809,2026-05-01T00:00:00,9403200050
N360828,2026-05-15T00:00:00,6211339061
N360838,2026-05-19T00:00:00,8306300000
N360873,2026-05-15T00:00:00,3004390055
N360896,2026-05-01T00:00:00,9403999040
N360900,2026-05-19T00:00:00,9405994090
N360911,2026-05-19T00:00:00,8306290000
N360915,2026-05-12T00:00:00,9031808085
N360960,2026-05-12T00:00:00,8709100060
N360963,2026-05-05T00:00:00,7505221000
N360981,2026-05-19T00:00:00,6912004500
N361005,2026-05-20T00:00:00,8483405010
N361006,2026-05-14T00:00:00,7616995190
N361016,2026-05-05T00:00:00,8517620090
N361049,2026-05-14T00:00:00,6110202046
N361063,2026-05-06T00:00:00,6802930010
N361092,2026-05-21T00:00:00,4420190000
N361129,2026-05-07T00:00:00,3824999397
N361150,2026-05-27T00:00:00,9503000071
N361174,2026-05-19T00:00:00,2939790000
N361194,2026-05-27T00:00:00,4010125000
N361235,2026-05-20T00:00:00,7326908688
N361285,2026-05-21T00:00:00,8431499020
N361289,2026-05-13T00:00:00,9505906000
N361293,2026-05-27T00:00:00,6809900000
N361298,2026-07-14T00:00:00,5509530030
N361305,2026-05-20T00:00:00,9505906000
N361312,2026-05-15T00:00:00,9505906000
N361315,2026-05-20T00:00:00,9505906000
N361321,2026-05-21T00:00:00,9505906000
N361336,2026-05-21T00:00:00,8517620090
N361352,2026-06-02T00:00:00,8302500000
N361363,2026-05-28T00:00:00,4811906010
N361364,2026-05-28T00:00:00,4811906010
N361384,2026-05-27T00:00:00,9505906000
N361389,2026-05-28T00:00:00,9505906000
N361392,2026-05-28T00:00:00,9505906000
N361398,2026-05-29T00:00:00,9505906000
N361404,2026-05-29T00:00:00,9505906000
N361420,2026-06-02T00:00:00,6702901000
N361432,2026-06-03T00:00:00,8541430010
N361446,2026-06-08T00:00:00,4901990070
N361456,2026-06-01T00:00:00,9503000073
N361493,2026-05-21T00:00:00,7616995190
N361506,2026-05-27T00:00:00,8413600030
N361556,2026-06-12T00:00:00,6106202010
N361569,2026-05-19T00:00:00,9403896015
N361597,2026-05-26T00:00:00,8704230100
N361647,2026-05-28T00:00:00,8409915085
N361689,2026-05-29T00:00:00,8307103000
N361715,2026-06-03T00:00:00,8421210000
N361717,2026-06-08T00:00:00,0603900000
N361760,2026-06-17T00:00:00,4901990070
N361764,2026-06-01T00:00:00,9403200050
N361768,2026-06-16T00:00:00,9505906000
N361771,2026-06-22T00:00:00,8302416080
N361792,2026-06-04T00:00:00,6116107520
N361811,2026-06-23T00:00:00,8310000000
N361833,2026-06-18T00:00:00,7308909590
N361875,2026-06-01T00:00:00,9401999085
N361928,2026-06-11T00:00:00,6109901065
N361940,2026-06-25T00:00:00,4202920807
N361947,2026-06-05T00:00:00,9403910080
N361981,2026-06-11T00:00:00,6307909891
N361988,2026-06-30T00:00:00,6307909891
N362002,2026-06-16T00:00:00,3926909989
N362045,2026-06-16T00:00:00,8531809051
N362075,2026-06-26T00:00:00,4202924500
N362083,2026-06-25T00:00:00,3105590000
N362099,2026-06-18T00:00:00,6702102000
N362111,2026-06-10T00:00:00,3921904090
N362124,2026-06-26T00:00:00,6307909891
N362150,2026-06-26T00:00:00,8431200000
N362167,2026-07-01T00:00:00,3505100092
N362222,2026-07-07T00:00:00,1515902100
N362224,2026-06-26T00:00:00,8422309191
N362226,2026-07-07T00:00:00,8704310120
N362232,2026-06-26T00:00:00,8708305090
N362304,2026-07-10T00:00:00,2008996500
N362365,2026-07-09T00:00:00,8708937500
N362414,2026-07-14T00:00:00,8414593000
N362430,2026-06-30T00:00:00,2106909997
N362451,2026-07-06T00:00:00,8438800000
N362453,2026-07-14T00:00:00,8708295190
N362456,2026-07-08T00:00:00,8479899597
N362485,2026-06-26T00:00:00,4420190000
N362508,2026-07-20T00:00:00,8708952000
N362519,2026-07-08T00:00:00,6108920005
N362602,2026-07-09T00:00:00,3824993990
N362701,2026-07-17T00:00:00,3213100000
N362742,2026-07-14T00:00:00,8471500150
N362745,2026-07-22T00:00:00,4901990060
N362785,2026-07-21T00:00:00,7018905000
N362803,2026-07-14T00:00:00,5903202500
N362828,2026-07-16T00:00:00,9609100000
N362842,2026-07-29T00:00:00,8428900390
N362844,2026-07-20T00:00:00,8516790000
N362892,2026-07-21T00:00:00,8452219000
N362910,2026-07-17T00:00:00,7013998090
N362921,2026-07-28T00:00:00,7607205000
N362924,2026-08-04T00:00:00,7318290000
N362937,2026-08-05T00:00:00,3004200085
N362938,2026-08-05T00:00:00,3004390080
N362992,2026-07-10T00:00:00,6304930000
N363046,2026-07-16T00:00:00,4814200000
N363073,2026-07-20T00:00:00,1605290500
N363127,2026-07-21T00:00:00,1605290500
N363274,2026-07-29T00:00:00,8533210030
N363283,2026-07-29T00:00:00,8501528040
N363313,2026-07-29T00:00:00,8205595560
N363356,2026-07-17T00:00:00,8536908585
N363362,2026-07-30T00:00:00,9504909080
N363384,2026-08-13T00:00:00,3926209050
N363416,2026-08-11T00:00:00,8302200000
N363425,2026-08-04T00:00:00,9505904000
N363426,2026-08-03T00:00:00,9505904000
N363462,2026-07-31T00:00:00,4202924500
N363468,2026-08-04T00:00:00,8543709100
N363470,2026-08-04T00:00:00,7117907500
N363472,2026-08-14T00:00:00,7613000000
N363514,2026-08-05T00:00:00,9504500000
N363534,2026-08-04T00:00:00,9505906000
N363538,2026-08-06T00:00:00,8507600090
N363562,2026-08-10T00:00:00,8486400030
N363583,2026-08-06T00:00:00,8403100000
N363690,2026-08-04T00:00:00,8703230190
N363777,2026-08-04T00:00:00,9029204080
N363784,2026-08-05T00:00:00,3706106090
N363799,2026-08-13T00:00:00,9403100040
N363802,2026-08-13T00:00:00,9403100040
N363803,2026-08-07T00:00:00,8543704500
N363820,2026-08-04T00:00:00,0604903000
N363847,2026-08-04T00:00:00,8703800020
N363868,2026-08-06T00:00:00,4421999880
N363892,2026-08-07T00:00:00,8428900390
N363947,2026-08-11T00:00:00,4823906700
N364038,2026-08-13T00:00:00,8544429090
N364227,2026-08-14T00:00:00,6307101090
